{
  "name": "oedatamodel",
  "resources": [
    {
      "profile": "tabular-data-resource",
      "name": "oed_scenario_output",
      "path": "oed_scenario_output.csv",
      "scheme": "file",
      "format": "csv",
      "encoding" : "utf-8",
      "schema": {
        "fields": [
          {"name": "id", "description": "Unique identifier", "type": "integer"},
          {"name": "scenario", "description": "Scenario name", "type": "string"},
          {"name": "region", "description": "Country or region, you can add a upper region with sub regions using json syntax", "type": "object"},
          {"name": "year", "description": "Year", "type": "integer"},
          {"name": "source", "description": "Source", "type": "string"},
          {"name": "comment", "description": "Comment", "type": "string"}
        ],
        "primaryKey": ["id"]
      },
      "dialect": {
        "delimiter": ";"
      }
    },
    {
    "profile": "tabular-data-resource",
    "name": "oed_scalar_output",
    "path": "oed_scalar_output.csv",
    "format": "csv",
    "encoding" : "cp1252",
    "schema": {
      "fields": [
        {"name": "id", "description": "Unique identifier", "type": "integer", "unit": null},
        {"name": "scenario_id", "description": "Scenario name", "type": "integer", "unit": null},
        {"name": "region", "description": "Country or region, add a flow from region a -> b: ['a', 'b']", "type": "array", "unit": null},
        {"name": "input_energy_vector", "description": "It describes any type of energy or energy carrier (e.g. electricity, heat, solar radiation, natural gas, ...) that enters a technology.", "type": "string", "unit": null},
        {"name": "output_energy_vector", "description": "It describes any type of energy or energy carrier (e.g. electricity, heat, hydrogen, LNG, CO2, ...) that exits a technology.", "type": "string", "unit": null},
	{"name": "parameter_name", "description": "It describes a considered property of an element in the energy system.", "type": "string", "unit": null},
        {"name": "technology", "description": "It describes an element of the modelled energy system that processes an energy vector.", "type": "string", "unit": null},
        {"name": "technology_type", "description": "The specification can be technological, or freely user-defined, based on the requirements of the model.", "type": "string", "unit": null},
        {"name": "value", "description": "Parameter value", "type": "number", "floatNumber": "True", "unit": "kW"},
        {"name": "unit", "description": "Parameter unit", "type": "string", "unit": null},
        {"name": "tags", "description": "Free classification with key-value pairs", "type": "object", "unit": null},
        {"name": "method", "description": "Method type (sum, mean, median)", "type": "object", "unit": null},
        {"name": "source", "description": "Source", "type": "string", "unit": null},
        {"name": "comment", "description": "Comment", "type": "string", "unit": null},
	{"name": "year", "description": "Year", "type": "integer", "unit": null}
      ],
      "primaryKey": ["id"],
      "foreignKeys": [
        {
          "fields": ["scenario_id"],
          "reference": {
            "resource": "oed_scenario_output",
            "fields": ["id"]
          }
        }
      ]
    },
    "dialect":
      {
        "delimiter": ";"
      }
    },
    {
      "profile": "tabular-data-resource",
      "name": "oed_timeseries_output",
      "path": "oed_timeseries_output.csv",
      "format": "csv",
      "encoding" : "cp1252",
      "schema": {
        "fields": [
          {"name": "id", "description": "Unique identifier", "type": "integer", "unit": null},
          {"name": "scenario_id", "description": "Scenario name", "type": "integer", "unit": null},
          {"name": "region", "description": "Country or region", "type": "array", "unit": null},
          {"name": "input_energy_vector", "description": "It describes any type of energy or energy carrier (e.g. electricity, heat, solar radiation, natural gas, ...) that enters a technology.", "type": "string", "unit": null},
          {"name": "output_energy_vector", "description": "It describes any type of energy or energy carrier (e.g. electricity, heat, hydrogen, LNG, CO2, ...) that exits a technology.", "type": "string", "unit": null},
	  {"name": "parameter_name", "description": "It describes a considered property of an element in the energy system.", "type": "string", "unit": null},
          {"name": "technology", "description": "It describes an element of the modelled energy system that processes an energy vector.", "type": "string", "unit": null},
          {"name": "technology_type", "description": "The specification can be technological, or freely user-defined, based on the requirements of the model.", "type": "string", "unit": null},
          {"name": "timeindex_start", "description": "Start timestamp", "type": "datetime", "unit": null},
          {"name": "timeindex_stop", "description": "Stop timestamp", "type": "datetime", "unit": null},
          {"name": "timeindex_resolution", "description": "Timesteps", "type": "any", "unit": null},
          {"name": "series", "description": "Timesteps", "type": "array", "unit": null},
          {"name": "unit", "description": "Parameter unit", "type": "string", "unit": null},
          {"name": "tags", "description": "Free classification with key-value pairs", "type": "object", "unit": null},
          {"name": "method", "description": "Method type (sum, mean, median)", "type": "object", "unit": null},
          {"name": "source", "description": "Source", "type": "string", "unit": null},
          {"name": "comment", "description": "Comment", "type": "string", "unit": null}
        ],
        "primaryKey": ["id"],
        "foreignKeys": [
          {
            "fields": ["scenario_id"],
            "reference": {
              "resource": "oed_scenario_output",
              "fields": ["id"]
            }
          }
        ]
      },
      "dialect": {
        "delimiter": ";"
      }
    }
  ]
}